Name,Position,Team,Desk positional priority (synthesis),Role,Expert publishers,ESPN roster %,Sleeper adds 24h,Sleeper drops 24h,Sleeper net 24h,FantasyPros position priority,FantasyPros original overall priority,FantasyPros FAAB,FantasyPros FAAB low,FantasyPros FAAB high,FantasyPros FAAB basis,FantasyPros source,RotoBaller position priority,RotoBaller original overall priority,RotoBaller FAAB,RotoBaller FAAB low,RotoBaller FAAB high,RotoBaller FAAB basis,RotoBaller source,Footballguys FAAB,Footballguys FAAB low,Footballguys FAAB high,Footballguys FAAB basis,Footballguys source,RotoWire FAAB,RotoWire FAAB low,RotoWire FAAB high,RotoWire FAAB basis,RotoWire source,CBS Sports position priority,CBS Sports original overall priority,CBS Sports FAAB,CBS Sports FAAB low,CBS Sports FAAB high,CBS Sports FAAB basis,CBS Sports source,DraftSharks position priority,DraftSharks original overall priority,DraftSharks FAAB,DraftSharks FAAB low,DraftSharks FAAB high,DraftSharks FAAB basis,DraftSharks source,NFL position priority,NFL original overall priority,FTN FAAB,FTN FAAB low,FTN FAAB high,FTN FAAB basis,FTN source,Fantasy Life FAAB,Fantasy Life FAAB low,Fantasy Life FAAB high,Fantasy Life FAAB basis,Fantasy Life source,MOVES community FAAB,MOVES community FAAB low,MOVES community FAAB high,MOVES community FAAB basis,MOVES community source,W1 games_played,W1 snaps,W1 snap_pct,W1 passing_attempts,W1 completions,W1 passing_yards,W1 passing_tds,W1 interceptions,W1 carries,W1 rushing_yards,W1 rushing_tds,W1 targets,W1 receptions,W1 receiving_yards,W1 receiving_tds,W1 fantasy_points,Derived targetShare,Derived carryShare,Derived yardsPerCarry,Derived yardsPerTarget,Derived catchPct,Derived touches,Derived opportunities,Derived halfPpr,Derived standard,Case,Risk,Flags,Format-specific FAAB
Aaron Rodgers,QB,PIT,,Source-listed depth,1,7.42,15820,,,,,,,,,,9,71,,,,,,,,,,,,,,,,,,,,,,,,,,,,,,,,,,,,,,,,,,,,,,,1,67,100,40,24,221,1,0,3,-3,0,0,0,0,0,12.5,0.0,14.29,-1.0,,,3,3,12.5,12.5,Compare the published priorities with the recorded Week 1 role.,No independent priority assigned; confirm fit and availability.,,[]
Baker Mayfield,QB,TB,,Source-listed depth,2,59.16,,,,,,,,,,,3,65,,,,,,,,,,,,,,,,,,,,,,,,,,,,,,1,4,,,,,,,,,,,,,,,,1,57,100,28,23,216,0,0,5,30,1,0,0,0,0,11.6,0.0,25.0,6.0,,,5,5,11.6,11.6,Compare the published priorities with the recorded Week 1 role.,No independent priority assigned; confirm fit and availability.,,[]
Bryce Young,QB,CAR,2,Stream,5,11.37,353128,,,,,$1 / $100 basis unspecified,1,1,unspecified,https://www.fantasypros.com/2026/09/fantasy-football-waiver-wire-advice-players-to-add-stash-drop-week-2-2026/,6,68,1% basis unspecified,1,1,unspecified,https://www.rotoballer.com/faab-waiver-wire-advice-week-2-fantasy-pickups-2026/1931602,,,,,,,,,,,2,,1% remaining,1,1,remaining,https://hubapi.cbssports.com/fantasy/football/news/week-2-fantasy-football-waiver-wire-bryce-young-has-huge-opener/,1,,3-5% basis unspecified,3,5,unspecified,https://www.draftsharks.com/article/week-2-waiver-wire-pickups,2,12,,,,,,,,,,,,,,,,1,61,90,37,23,361,3,1,2,10,1,0,0,0,0,31.4,0.0,9.09,5.0,,,2,2,31.4,31.4,Strong opener; economical bids across several publishers.,One explosive matchup does not establish a weekly ceiling.,,[]
C.J. Stroud,QB,HOU,3,Stream,3,25.61,112392,,,,,$1 / $100 basis unspecified,1,1,unspecified,https://www.fantasypros.com/2026/09/fantasy-football-waiver-wire-advice-players-to-add-stash-drop-week-2-2026/,5,67,,,,,,,,,,,,,,,,4,,1% remaining,1,1,remaining,https://hubapi.cbssports.com/fantasy/football/news/week-2-fantasy-football-waiver-wire-bryce-young-has-huge-opener/,,,,,,,,,,,,,,,,,,,,,,,,,1,79,100,38,26,274,2,0,2,15,0,0,0,0,0,16.5,0.0,6.25,7.5,,,2,2,16.5,16.5,Low published bids make him a viable short-term option.,Check availability before spending on a second quarterback.,,[]
Cam Ward,QB,TEN,,Source-listed depth,1,8.89,,,,,,,,,,,13,75,,,,,,,,,,,,,,,,,,,,,,,,,,,,,,,,,,,,,,,,,,,,,,,1,50,100,32,19,140,1,0,4,21,0,0,0,0,0,11.7,0.0,28.57,5.25,,,4,4,11.7,11.7,Compare the published priorities with the recorded Week 1 role.,No independent priority assigned; confirm fit and availability.,,[]
Carson Wentz,QB,MIN,,Conditional QB,3,0.12,823962,,,,,,,,,,14,76,,,,,,,,,,,,,,,,5,,,,,,,2,,1-3% basis unspecified,1,3,unspecified,https://www.draftsharks.com/article/week-2-waiver-wire-pickups,,,,,,,,,,,,,,,,,,1,54,83,19,12,133,3,0,5,-1,0,0,0,0,0,19.2,0.0,14.71,-0.2,,,5,5,19.2,19.2,Potential temporary starter; useful chiefly when the job is confirmed.,Verify starter status before bidding; superflex scarcity differs.,Status sensitive,[]
Daniel Jones,QB,IND,,Source-listed depth,1,34.71,,48810,,,,,,,,,7,69,,,,,,,,,,,,,,,,,,,,,,,,,,,,,,,,,,,,,,,,,,,,,,,1,54,100,31,19,166,1,1,1,4,0,0,0,0,0,9,0.0,5.0,4.0,,,1,1,9.0,9,Compare the published priorities with the recorded Week 1 role.,No independent priority assigned; confirm fit and availability.,,[]
Drew Lock,QB,SEA,,Conditional QB,2,0.12,117213,,,,,,,,,,12,74,,,,,,,,,,,,,,,,7,,,,,,,,,,,,,,,,,,,,,,,,,,,,,,,1,45,90,22,16,187,1,0,2,13,0,0,0,0,0,12.8,0.0,9.09,6.5,,,2,2,12.8,12.8,Short-term quarterback depth if he starts again.,Verify starter status; no 1-QB bid inferred from superflex advice.,Status sensitive,[]
Geno Smith,QB,NYJ,6,Stream,3,3.87,,,,,,$2 / $100 basis unspecified,2,2,unspecified,https://www.fantasypros.com/2026/09/fantasy-football-waiver-wire-advice-players-to-add-stash-drop-week-2-2026/,11,73,,,,,,,,,,,0% basis unspecified,0,0,unspecified,https://www.rotowire.com/football/article/fantasy-football-waiver-wire-pickups-for-week-2-134360,,,,,,,,,,,,,,,,,,,,,,,,,,,,,,,,1,67,100,24,19,215,0,0,6,7,0,0,0,0,0,9.3,0.0,15.38,1.17,,,6,6,9.3,9.3,Efficient opener offers a low-cost alternative.,Limited touchdown production in Week 1.,,[]
Jacoby Brissett,QB,ARI,5,Stream,2,5.04,,,,,,,,,,,8,70,,,,,,,,,,,,,,,,1,,1% remaining,1,1,remaining,https://hubapi.cbssports.com/fantasy/football/news/week-2-fantasy-football-waiver-wire-bryce-young-has-huge-opener/,,,,,,,,,,,,,,,,,,,,,,,,,1,75,100,37,27,277,1,0,6,14,0,0,0,0,0,16.5,0.0,17.65,2.33,,,6,6,16.5,16.5,CBS ranks him first among its available quarterback candidates.,Source eligibility differs; this is not an overall QB1 projection.,,[]
Jordan Love,QB,GB,,Source-listed depth,1,41.97,23062,,,,,,,,,,1,63,,,,,,,,,,,,,,,,,,,,,,,,,,,,,,,,,,,,,,,,,,,,,,,1,68,100,42,21,387,2,1,1,0,0,0,0,0,0,19.5,0.0,4.76,0.0,,,1,1,19.5,19.5,Compare the published priorities with the recorded Week 1 role.,No independent priority assigned; confirm fit and availability.,,[]
Kirk Cousins,QB,LV,,Source-listed depth,1,3.35,43952,,,,,,,,,,10,72,,,,,,,,,,,,,,,,,,,,,,,,,,,,,,,,,,,,,,,,,,,,,,,1,68,100,30,21,160,3,2,5,-6,0,0,0,0,0,13.8,0.0,13.51,-1.2,,,5,5,13.8,13.8,Compare the published priorities with the recorded Week 1 role.,No independent priority assigned; confirm fit and availability.,,[]
Malik Willis,QB,MIA,4,Stream / rushing,3,20.78,45199,71631,-26432,,,$3 / $100 basis unspecified,3,3,unspecified,https://www.fantasypros.com/2026/09/fantasy-football-waiver-wire-advice-players-to-add-stash-drop-week-2-2026/,4,66,1% basis unspecified,1,1,unspecified,https://www.rotoballer.com/faab-waiver-wire-advice-week-2-fantasy-pickups-2026/1931602,,,,,,,,,,,3,,1% remaining,1,1,remaining,https://hubapi.cbssports.com/fantasy/football/news/week-2-fantasy-football-waiver-wire-bryce-young-has-huge-opener/,,,,,,,,,,,,,,,,,,,,,,,,,1,56,100,27,15,220,0,1,6,39,1,0,0,0,0,16.7,0.0,33.33,6.5,,,6,6,16.7,16.7,Rushing adds a second path to fantasy production.,Young receiving group and passing volatility.,,[]
Michael Penix Jr.,QB,ATL,,Monitor,3,0.97,,,,,,$1 / $100 basis unspecified,1,1,unspecified,https://www.fantasypros.com/2026/09/fantasy-football-waiver-wire-advice-players-to-add-stash-drop-week-2-2026/,,,1% basis unspecified,1,1,unspecified,https://www.rotoballer.com/faab-waiver-wire-advice-week-2-fantasy-pickups-2026/1931602,,,,,,,,,,,6,,,,,,,,,,,,,,,,,,,,,,,,,,,,,,,,,,,,,,,,,,,,,,,,,,,,,,,,Source-listed future quarterback option.,No matched Week 1 statistical row; do not assume immediate availability.,Status sensitive; No matched Week 1 stats,[]
Tyler Shough,QB,NO,1,Stream / upside,5,46.66,266592,,,1,4,$5 / $100 basis unspecified,5,5,unspecified,https://www.fantasypros.com/2026/09/fantasy-football-waiver-wire-advice-players-to-add-stash-drop-week-2-2026/,2,64,1% basis unspecified,1,1,unspecified,https://www.rotoballer.com/faab-waiver-wire-advice-week-2-fantasy-pickups-2026/1931602,7-15% starting,7,15,annual,https://www.footballguys.com/article/2026-email-feature-top-waiver-wire-pickups-week02,,,,,,,,,,,,,,,,,,,,,,5-10% basis unspecified,5,10,unspecified,https://ftnfantasy.com/fantasy-football-waiver-wire-claims-to-make-heading-into-week-2,17.5% basis unspecified,17.5,17.5,unspecified,https://www.fantasylife.com/articles/fantasy/waiver-wire-pickups-faab-advice-week-2-add-jalen-coker,,,,,,1,90,100,56,35,410,3,2,4,8,0,0,0,0,0,23.2,0.0,16.0,2.0,,,4,4,23.2,23.2,Passing ceiling merits a starting-QB audition.,Overtime inflated volume; superflex prices belong in a separate market.,1-QB ≠ superflex,"[{""format"": ""10–12 teams / superflex"", ""low"": 60, ""high"": 60, ""unit"": ""percent"", ""budgetBasis"": ""unspecified"", ""source"": ""fantasylife""}, {""format"": ""14–16 teams / 1-QB"", ""low"": 20, ""high"": 20, ""unit"": ""percent"", ""budgetBasis"": ""unspecified"", ""source"": ""fantasylife""}, {""format"": ""14–16 teams / superflex"", ""low"": 75, ""high"": 75, ""unit"": ""percent"", ""budgetBasis"": ""unspecified"", ""source"": ""fantasylife""}, {""format"": ""Guillotine / 1-QB"", ""low"": 12.5, ""high"": 12.5, ""unit"": ""percent"", ""budgetBasis"": ""unspecified"", ""source"": ""fantasylife""}, {""format"": ""Guillotine / superflex"", ""low"": 17.5, ""high"": 17.5, ""unit"": ""percent"", ""budgetBasis"": ""unspecified"", ""source"": ""fantasylife""}]"
Braelon Allen,RB,NYJ,,Source-listed depth,1,12.36,32732,,,,,,,,,,8,17,,,,,,,,,,,,,,,,,,,,,,,,,,,,,,,,,,,,,,,,,,,,,,,1,27,40,0,0,0,0,0,10,40,0,1,0,0,0,4,4.35,25.64,4.0,0.0,0.0,10,11,4.0,4,Compare the published priorities with the recorded Week 1 role.,No independent priority assigned; confirm fit and availability.,,[]
Brian Robinson,RB,ATL,,Source-listed depth,1,25.63,16302,71376,-55074,,,,,,,,13,42,,,,,,,,,,,,,,,,,,,,,,,,,,,,,,,,,,,,,,,,,,,,,,,1,15,25,0,0,0,0,0,9,31,0,0,0,0,0,3.1,0.0,29.03,3.44,,,9,9,3.1,3.1,Compare the published priorities with the recorded Week 1 role.,No independent priority assigned; confirm fit and availability.,,[]
Chris Brooks,RB,GB,8,Conditional depth,3,11.41,30215,,,,,,,,,,21,59,,,,,,,,,,,1% basis unspecified,1,1,unspecified,https://www.rotowire.com/football/article/fantasy-football-waiver-wire-pickups-for-week-2-134360,4,,1% remaining,1,1,remaining,https://hubapi.cbssports.com/fantasy/football/news/week-2-fantasy-football-waiver-wire-bryce-young-has-huge-opener/,,,,,,,,,,,,,,,,,,,,,,,,,1,38,56,0,0,0,0,0,7,29,0,1,0,0,0,2.9,2.5,33.33,4.14,0.0,0.0,7,8,2.9,2.9,More than half the offensive snaps in the opener.,Monitor the backfield; volume did not create an efficient box score.,,[]
Chris Rodriguez Jr.,RB,JAX,,Source-listed depth,1,30.47,,248121,,,,,,,,,1,6,,,,,,,,,,,,,,,,,,,,,,,,,,,,,,,,,,,,,,,,,,,,,,,1,23,40,0,0,0,0,0,6,23,0,0,0,0,0,2.3,0.0,18.75,3.83,,,6,6,2.3,2.3,Compare the published priorities with the recorded Week 1 role.,No independent priority assigned; confirm fit and availability.,,[]
Devin Singletary,RB,NYG,7,Cheap depth,2,0.37,1573425,,,,,,,,,,22,60,1-2% basis unspecified,1,2,unspecified,https://www.rotoballer.com/faab-waiver-wire-advice-week-2-fantasy-pickups-2026/1931602,,,,,,,,,,,5,,1% remaining,1,1,remaining,https://hubapi.cbssports.com/fantasy/football/news/week-2-fantasy-football-waiver-wire-bryce-young-has-huge-opener/,,,,,,,,,,,,,,,,,,,,,,,,,1,25,36,0,0,0,0,0,6,16,0,4,4,22,1,13.8,13.79,16.22,2.67,5.5,100.0,10,10,11.8,9.8,Four targets supplement a small rushing workload.,Touchdown-driven opener; modest published bids.,,[]
Emari Demercado,RB,DAL,,Source-listed depth,2,1.83,,,,,,,,,,,18,49,,,,,,,,,,,,,,,,,,,,,,,4,,3-5% basis unspecified,3,5,unspecified,https://www.draftsharks.com/article/week-2-waiver-wire-pickups,,,,,,,,,,,,,,,,,,1,5,9,0,0,0,0,0,2,7,0,0,0,0,0,0.7,0.0,11.11,3.5,,,2,2,0.7,0.7,Compare the published priorities with the recorded Week 1 role.,No independent priority assigned; confirm fit and availability.,,[]
Emmett Johnson,RB,KC,4,Upside stash,3,6.64,402264,48114,354150,,,,,,,,14,43,3-6% basis unspecified,3,6,unspecified,https://www.rotoballer.com/faab-waiver-wire-advice-week-2-fantasy-pickups-2026/1931602,,,,,,,,,,,2,,>=5% remaining,5,,remaining,https://hubapi.cbssports.com/fantasy/football/news/week-2-fantasy-football-waiver-wire-bryce-young-has-huge-opener/,1,,20-30% basis unspecified,20,30,unspecified,https://www.draftsharks.com/article/week-2-waiver-wire-pickups,,,,,,,,,,,,,4-6% basis unspecified,4,6,unspecified,https://www.reddit.com/r/fantasyfootball/comments/1wh5wf4/10_players_to_add_for_week_2_faab_recs/,1,25,36,0,0,0,0,0,8,24,0,2,2,44,0,8.8,8.0,21.05,3.0,22.0,100.0,10,10,7.8,6.8,Receiving flashes support a valuable Walker handcuff.,Limited standalone work; DraftSharks is much more aggressive than RotoBaller.,Bid disagreement,[]
George Holani,RB,SEA,,Source-listed depth,1,4.11,,,,,,,,,,,16,47,,,,,,,,,,,,,,,,,,,,,,,,,,,,,,,,,,,,,,,,,,,,,,,1,23,46,0,0,0,0,0,8,29,0,1,0,0,0,2.9,4.17,36.36,3.62,0.0,0.0,8,9,2.9,2.9,Compare the published priorities with the recorded Week 1 role.,No independent priority assigned; confirm fit and availability.,,[]
Jonah Coleman,RB,DEN,,Source-listed depth,1,28.8,,84724,,,,,,,,,11,39,,,,,,,,,,,,,,,,,,,,,,,,,,,,,,,,,,,,,,,,,,,,,,,1,3,6,0,0,0,0,0,0,0,0,0,0,0,0,0,0.0,0.0,,,,0,0,0.0,0,Compare the published priorities with the recorded Week 1 role.,No independent priority assigned; confirm fit and availability.,,[]
Kaelon Black,RB,SF,1,Priority handcuff,8,15.54,1307005,,,1,3,$9 / $100 basis unspecified,9,9,unspecified,https://www.fantasypros.com/2026/09/fantasy-football-waiver-wire-advice-players-to-add-stash-drop-week-2-2026/,2,7,6-10% basis unspecified,6,10,unspecified,https://www.rotoballer.com/faab-waiver-wire-advice-week-2-fantasy-pickups-2026/1931602,10-20% starting,10,20,annual,https://www.footballguys.com/article/2026-email-feature-top-waiver-wire-pickups-week02,8% basis unspecified,8,8,unspecified,https://www.rotowire.com/football/article/fantasy-football-waiver-wire-pickups-for-week-2-134360,1,,>=10% remaining,10,,remaining,https://hubapi.cbssports.com/fantasy/football/news/week-2-fantasy-football-waiver-wire-bryce-young-has-huge-opener/,2,,20-30% basis unspecified,20,30,unspecified,https://www.draftsharks.com/article/week-2-waiver-wire-pickups,1,2,5-10% basis unspecified,5,10,unspecified,https://ftnfantasy.com/fantasy-football-waiver-wire-claims-to-make-heading-into-week-2,,,,,,9-11% basis unspecified,9,11,unspecified,https://www.reddit.com/r/fantasyfootball/comments/1wh5wf4/10_players_to_add_for_week_2_faab_recs/,1,28,43,0,0,0,0,0,14,65,0,1,1,5,0,8,2.94,46.67,4.64,5.0,100.0,15,15,7.5,7,Meaningful Week 1 workload plus valuable injury-contingent upside.,McCaffrey remains central; a permanent equal split is unproven.,Bid disagreement,[]
Kaytron Allen,RB,WAS,,Source-listed depth,1,0.93,,,,,,,,,,,,,,,,,,,,,,,,,,,,7,,1% remaining,1,1,remaining,https://hubapi.cbssports.com/fantasy/football/news/week-2-fantasy-football-waiver-wire-bryce-young-has-huge-opener/,,,,,,,,,,,,,,,,,,,,,,,,,1,7,10,0,0,0,0,0,4,16,0,0,0,0,0,1.6,0.0,12.5,4.0,,,4,4,1.6,1.6,Compare the published priorities with the recorded Week 1 role.,No independent priority assigned; confirm fit and availability.,,[]
Keaton Mitchell,RB,LAC,,Source-listed depth,1,21.08,24741,209313,-184572,,,,,,,,9,18,,,,,,,,,,,,,,,,,,,,,,,,,,,,,,,,,,,,,,,,,,,,,,,1,17,31,0,0,0,0,0,4,9,0,0,0,0,0,0.9,0.0,19.05,2.25,,,4,4,0.9,0.9,Compare the published priorities with the recorded Week 1 role.,No independent priority assigned; confirm fit and availability.,,[]
Kendre Miller,RB,NO,5,Conditional depth,6,0.89,94774,,,,,$1 / $100 basis unspecified,1,1,unspecified,https://www.fantasypros.com/2026/09/fantasy-football-waiver-wire-advice-players-to-add-stash-drop-week-2-2026/,6,15,2-3% basis unspecified,2,3,unspecified,https://www.rotoballer.com/faab-waiver-wire-advice-week-2-fantasy-pickups-2026/1931602,,,,,,0% basis unspecified,0,0,unspecified,https://www.rotowire.com/football/article/fantasy-football-waiver-wire-pickups-for-week-2-134360,6,,1% remaining,1,1,remaining,https://hubapi.cbssports.com/fantasy/football/news/week-2-fantasy-football-waiver-wire-bryce-young-has-huge-opener/,3,,3-5% basis unspecified,3,5,unspecified,https://www.draftsharks.com/article/week-2-waiver-wire-pickups,4,13,,,,,,,,,,,,,,,,1,26,29,0,0,0,0,0,9,30,1,0,0,0,0,9,0.0,36.0,3.33,,,9,9,9.0,9,Shared early-down carries create a modest short-term opening.,Kamara availability could reduce the role; no Week 1 targets.,Status sensitive,[]
Mike Washington Jr.,RB,LV,,Source-listed depth,2,38.09,,,,,,,,,,,7,16,,,,,,,,,,,,,,,,,,,,,,,,,,,,,,3,8,,,,,,,,,,,,,,,,1,13,19,0,0,0,0,0,7,41,0,0,0,0,0,4.1,0.0,18.92,5.86,,,7,7,4.1,4.1,Compare the published priorities with the recorded Week 1 role.,No independent priority assigned; confirm fit and availability.,,[]
Raheim Sanders,RB,CLE,,Source-listed depth,1,0.05,708016,,,,,,,,,,20,58,,,,,,,,,,,,,,,,,,,,,,,,,,,,,,,,,,,,,,,,,,,,,,,1,18,35,0,0,0,0,0,1,1,0,3,3,25,0,5.6,13.64,4.55,1.0,8.33,100.0,4,4,4.1,2.6,Compare the published priorities with the recorded Week 1 role.,No independent priority assigned; confirm fit and availability.,,[]
Ray Davis,RB,BUF,,Source-listed depth,1,9.55,,,,,,,,,,,15,45,,,,,,,,,,,,,,,,,,,,,,,,,,,,,,,,,,,,,,,,,,,,,,,1,5,9,0,0,0,0,0,1,3,0,0,0,0,0,0.3,0.0,4.76,3.0,,,1,1,0.3,0.3,Compare the published priorities with the recorded Week 1 role.,No independent priority assigned; confirm fit and availability.,,[]
Samaje Perine,RB,CIN,,Source-listed depth,2,11.92,29368,,,,,,,,,,10,38,,,,,,,,,,,0% basis unspecified,0,0,unspecified,https://www.rotowire.com/football/article/fantasy-football-waiver-wire-pickups-for-week-2-134360,,,,,,,,,,,,,,,,,,,,,,,,,,,,,,,,1,18,28,0,0,0,0,0,5,20,0,3,3,30,0,8,8.82,18.52,4.0,10.0,100.0,8,8,6.5,5,Compare the published priorities with the recorded Week 1 role.,No independent priority assigned; confirm fit and availability.,,[]
Seth McGowan,RB,IND,,Source-listed depth,1,0.93,19200,,,,,,,,,,19,57,,,,,,,,,,,,,,,,,,,,,,,,,,,,,,,,,,,,,,,,,,,,,,,1,6,11,0,0,0,0,0,0,0,0,1,1,0,0,1,3.45,0.0,,0.0,100.0,1,1,0.5,0,Compare the published priorities with the recorded Week 1 role.,No independent priority assigned; confirm fit and availability.,,[]
Sione Vaki,RB,DET,,Source-listed depth,2,0.27,145390,,,,,,,,,,17,48,,,,,,,,,,,,,,,,,,,,,,,5,,1-3% basis unspecified,1,3,unspecified,https://www.draftsharks.com/article/week-2-waiver-wire-pickups,,,,,,,,,,,,,,,,,,1,22,29,0,0,0,0,0,2,7,0,1,1,11,0,2.8,2.56,6.06,3.5,11.0,100.0,3,3,2.3,1.8,Compare the published priorities with the recorded Week 1 role.,No independent priority assigned; confirm fit and availability.,,[]
Tank Bigsby,RB,PHI,,Source-listed depth,1,18.61,,159033,,,,,,,,,12,40,,,,,,,,,,,,,,,,,,,,,,,,,,,,,,,,,,,,,,,,,,,,,,,1,6,11,0,0,0,0,0,1,3,0,0,0,0,0,0.3,0.0,4.0,3.0,,,1,1,0.3,0.3,Compare the published priorities with the recorded Week 1 role.,No independent priority assigned; confirm fit and availability.,,[]
Tyjae Spears,RB,TEN,6,PPR stash,2,55.3,,45820,,,,$2 / $100 basis unspecified,2,2,unspecified,https://www.fantasypros.com/2026/09/fantasy-football-waiver-wire-advice-players-to-add-stash-drop-week-2-2026/,3,9,,,,,,,,,,,,,,,,,,,,,,,,,,,,,,,,,,,,,,,,,,,,,,,1,25,50,0,0,0,0,0,3,12,0,4,2,12,0,4.4,14.29,21.43,4.0,3.0,50.0,5,7,3.4,2.4,Passing-down usage offers a path beyond his carry count.,Weak offense and split workload cap the immediate floor.,,[]
Tyler Allgeier,RB,ARI,2,Workload add,3,41.53,16450,73655,-57205,,,,,,,,4,10,,,,,,,,,,,,,,,,3,,<=5% remaining,0,5,remaining,https://hubapi.cbssports.com/fantasy/football/news/week-2-fantasy-football-waiver-wire-bryce-young-has-huge-opener/,,,,,,,,2,7,,,,,,,,,,,,,,,,1,44,59,0,0,0,0,0,17,61,0,2,2,9,0,9,5.41,50.0,3.59,4.5,100.0,19,19,8.0,7,Seventeen carries offer tangible immediate workload.,Receiving ceiling and touchdown dependence limit upside.,,[]
Woody Marks,RB,HOU,3,PPR depth,3,58.47,,,,,,,,,,,5,13,,,,,,,,,,,,,,,,,,,,,,,,,,,,,,5,14,5-10% basis unspecified,5,10,unspecified,https://ftnfantasy.com/fantasy-football-waiver-wire-claims-to-make-heading-into-week-2,,,,,,,,,,,1,40,51,0,0,0,0,0,9,42,0,1,1,-2,0,5,2.7,28.12,4.67,-2.0,100.0,10,10,4.5,4,FTN values his passing-down role.,Montgomery owns the stronger goal-line case.,,[]
Brenton Strange,TE,JAX,4,TE stream,3,22.52,48195,66636,-18441,,,$1 / $100 basis unspecified,1,1,unspecified,https://www.fantasypros.com/2026/09/fantasy-football-waiver-wire-advice-players-to-add-stash-drop-week-2-2026/,2,24,,,,,,,,,,,,,,,,9,,1% remaining,1,1,remaining,https://hubapi.cbssports.com/fantasy/football/news/week-2-fantasy-football-waiver-wire-bryce-young-has-huge-opener/,,,,,,,,,,,,,,,,,,,,,,,,,1,39,68,0,0,0,0,0,0,0,0,3,2,23,1,10.3,14.29,0.0,,7.67,66.67,2,3,9.3,8.3,Low-dollar alternative with a usable Week 1 line.,Three targets leave touchdown and efficiency risk.,,[]
Dalton Schultz,TE,HOU,1,TE stream,3,19.65,,,,1,5,$2 / $100 basis unspecified,2,2,unspecified,https://www.fantasypros.com/2026/09/fantasy-football-waiver-wire-advice-players-to-add-stash-drop-week-2-2026/,1,20,,,,,,,,,,,,,,,,1,,5-10% remaining,5,10,remaining,https://hubapi.cbssports.com/fantasy/football/news/week-2-fantasy-football-waiver-wire-bryce-young-has-huge-opener/,,,,,,,,,,,,,,,,,,,,,,,,,1,52,66,0,0,0,0,0,0,0,0,8,4,35,0,7.5,21.62,0.0,,4.38,50.0,4,8,5.5,3.5,Eight targets offer a plausible floor at a thin position.,Modest yardage; CBS and FantasyPros price him differently.,,[]
Darren Waller,TE,CAR,,Source-listed depth,1,3.59,14301,113130,-98829,,,,,,,,,,,,,,,,,,,,,,,,,10,,1% remaining,1,1,remaining,https://hubapi.cbssports.com/fantasy/football/news/week-2-fantasy-football-waiver-wire-bryce-young-has-huge-opener/,,,,,,,,,,,,,,,,,,,,,,,,,1,24,35,0,0,0,0,0,0,0,0,2,2,28,0,4.8,5.88,0.0,,14.0,100.0,2,2,3.8,2.8,Compare the published priorities with the recorded Week 1 role.,No independent priority assigned; confirm fit and availability.,,[]
David Njoku,TE,LAC,,Source-listed depth,2,4.77,26392,,,,,,,,,,9,44,1% basis unspecified,1,1,unspecified,https://www.rotoballer.com/faab-waiver-wire-advice-week-2-fantasy-pickups-2026/1931602,,,,,,,,,,,4,,<=5% remaining,0,5,remaining,https://hubapi.cbssports.com/fantasy/football/news/week-2-fantasy-football-waiver-wire-bryce-young-has-huge-opener/,,,,,,,,,,,,,,,,,,,,,,,,,1,30,55,0,0,0,0,0,0,0,0,5,5,58,0,10.8,18.52,0.0,,11.6,100.0,5,5,8.3,5.8,Compare the published priorities with the recorded Week 1 role.,No independent priority assigned; confirm fit and availability.,,[]
Eli Raridon,TE,NE,,Source-listed depth,1,0.24,13965,,,,,,,,,,10,62,,,,,,,,,,,,,,,,,,,,,,,,,,,,,,,,,,,,,,,,,,,,,,,1,38,54,0,0,0,0,0,0,0,0,1,1,2,1,7.2,3.23,0.0,,2.0,100.0,1,1,6.7,6.2,Compare the published priorities with the recorded Week 1 role.,No independent priority assigned; confirm fit and availability.,,[]
Gunnar Helm,TE,TEN,,Source-listed depth,1,5.49,,,,,,,,,,,,,,,,,,,,,,,,,,,,12,,1% remaining,1,1,remaining,https://hubapi.cbssports.com/fantasy/football/news/week-2-fantasy-football-waiver-wire-bryce-young-has-huge-opener/,,,,,,,,,,,,,,,,,,,,,,,,,1,38,76,0,0,0,0,0,0,0,0,5,4,28,0,6.8,17.86,0.0,,5.6,80.0,4,5,4.8,2.8,Compare the published priorities with the recorded Week 1 role.,No independent priority assigned; confirm fit and availability.,,[]
Hunter Henry,TE,NE,,Source-listed depth,1,54.32,19497,46905,-27408,,,,,,,,,,,,,,,,,,,,,,,,,3,,<=5% remaining,0,5,remaining,https://hubapi.cbssports.com/fantasy/football/news/week-2-fantasy-football-waiver-wire-bryce-young-has-huge-opener/,,,,,,,,,,,,,,,,,,,,,,,,,1,54,76,0,0,0,0,0,0,0,0,3,3,26,0,5.6,9.68,0.0,,8.67,100.0,3,3,4.1,2.6,Compare the published priorities with the recorded Week 1 role.,No independent priority assigned; confirm fit and availability.,,[]
Juwan Johnson,TE,NO,,Source-listed depth,1,51.58,40168,,,,,,,,,,,,,,,,,,,,,,,,,,,,,,,,,,,,,,,,,2,10,,,,,,,,,,,,,,,,1,76,84,0,0,0,0,0,0,0,0,7,3,54,1,14.4,13.46,0.0,,7.71,42.86,3,7,12.9,11.4,Compare the published priorities with the recorded Week 1 role.,No independent priority assigned; confirm fit and availability.,,[]
Kenyon Sadiq,TE,NYJ,5,Upside stash,2,34.7,223398,,,,,,,,,,8,41,1% basis unspecified,1,1,unspecified,https://www.rotoballer.com/faab-waiver-wire-advice-week-2-fantasy-pickups-2026/1931602,,,,,,,,,,,7,,1% remaining,1,1,remaining,https://hubapi.cbssports.com/fantasy/football/news/week-2-fantasy-football-waiver-wire-bryce-young-has-huge-opener/,,,,,,,,,,,,,,,,,,,,4-6% basis unspecified,4,6,unspecified,https://www.reddit.com/r/fantasyfootball/comments/1wh5wf4/10_players_to_add_for_week_2_faab_recs/,1,28,42,0,0,0,0,0,1,3,1,3,3,21,0,11.4,13.04,2.56,3.0,7.0,100.0,4,4,9.9,8.4,Athletic rookie offers room for role growth.,Limited routes; rushing touchdown boosted the opener.,,[]
Michael Mayer,TE,LV,2,Conditional TE,6,29.18,70173,333873,-263700,,,$1 / $100 basis unspecified,1,1,unspecified,https://www.fantasypros.com/2026/09/fantasy-football-waiver-wire-advice-players-to-add-stash-drop-week-2-2026/,3,30,3-4% basis unspecified,3,4,unspecified,https://www.rotoballer.com/faab-waiver-wire-advice-week-2-fantasy-pickups-2026/1931602,,,,,,2% basis unspecified,2,2,unspecified,https://www.rotowire.com/football/article/fantasy-football-waiver-wire-pickups-for-week-2-134360,2,,>=5% remaining,5,,remaining,https://hubapi.cbssports.com/fantasy/football/news/week-2-fantasy-football-waiver-wire-bryce-young-has-huge-opener/,1,,5-8% basis unspecified,5,8,unspecified,https://www.draftsharks.com/article/week-2-waiver-wire-pickups,1,3,,,,,,,,,,,,,,,,1,55,81,0,0,0,0,0,0,0,0,7,6,32,0,9.2,24.14,0.0,,4.57,85.71,6,7,6.2,3.2,Strong snaps and targets while Bowers was absent.,Bowers status is decisive; check it before a starter-level bid.,Status sensitive,[]
Mike Gesicki,TE,CIN,6,Volatile TE stream,2,1.59,440364,,,,,,,,,,7,34,1% basis unspecified,1,1,unspecified,https://www.rotoballer.com/faab-waiver-wire-advice-week-2-fantasy-pickups-2026/1931602,,,,,,,,,,,11,,1% remaining,1,1,remaining,https://hubapi.cbssports.com/fantasy/football/news/week-2-fantasy-football-waiver-wire-bryce-young-has-huge-opener/,,,,,,,,,,,,,,,,,,,,3-5% basis unspecified,3,5,unspecified,https://www.reddit.com/r/fantasyfootball/comments/1wh5wf4/10_players_to_add_for_week_2_faab_recs/,1,21,33,0,0,0,0,0,0,0,0,7,5,78,1,18.8,20.59,0.0,,11.14,71.43,5,7,16.3,13.8,Seven targets delivered a productive opener.,Limited routes and elite teammates create regression risk.,,[]
Noah Fant,TE,NO,,Source-listed depth,1,0.11,,,,,,,,,,,,,,,,,,,,,,,0% basis unspecified,0,0,unspecified,https://www.rotowire.com/football/article/fantasy-football-waiver-wire-pickups-for-week-2-134360,,,,,,,,,,,,,,,,,,,,,,,,,,,,,,,,1,37,41,0,0,0,0,0,0,0,0,8,4,33,1,13.3,15.38,0.0,,4.12,50.0,4,8,11.3,9.3,Compare the published priorities with the recorded Week 1 role.,No independent priority assigned; confirm fit and availability.,,[]
Pat Freiermuth,TE,PIT,3,TE depth / stream,6,14.61,,,,,,$1 / $100 basis unspecified,1,1,unspecified,https://www.fantasypros.com/2026/09/fantasy-football-waiver-wire-advice-players-to-add-stash-drop-week-2-2026/,6,33,1% basis unspecified,1,1,unspecified,https://www.rotoballer.com/faab-waiver-wire-advice-week-2-fantasy-pickups-2026/1931602,7-15% starting,7,15,annual,https://www.footballguys.com/article/2026-email-feature-top-waiver-wire-pickups-week02,1% basis unspecified,1,1,unspecified,https://www.rotowire.com/football/article/fantasy-football-waiver-wire-pickups-for-week-2-134360,5,,1% remaining,1,1,remaining,https://hubapi.cbssports.com/fantasy/football/news/week-2-fantasy-football-waiver-wire-bryce-young-has-huge-opener/,2,,3-8% basis unspecified,3,8,unspecified,https://www.draftsharks.com/article/week-2-waiver-wire-pickups,,,,,,,,,,,,,,,,,,1,49,73,0,0,0,0,0,0,0,0,5,5,46,1,15.6,13.51,0.0,,9.2,100.0,5,5,13.1,10.6,Improved playing time supports renewed interest.,Modest target share; Footballguys is much more bullish than RotoWire.,Bid disagreement,[]
T.J. Hockenson,TE,MIN,,Source-listed depth,2,60.05,15740,,,,,,,,,,5,32,1% basis unspecified,1,1,unspecified,https://www.rotoballer.com/faab-waiver-wire-advice-week-2-fantasy-pickups-2026/1931602,,,,,,,,,,,6,,1% remaining,1,1,remaining,https://hubapi.cbssports.com/fantasy/football/news/week-2-fantasy-football-waiver-wire-bryce-young-has-huge-opener/,,,,,,,,,,,,,,,,,,,,,,,,,1,43,66,0,0,0,0,0,0,0,0,5,4,36,1,13.6,21.74,0.0,,7.2,80.0,4,5,11.6,9.6,Compare the published priorities with the recorded Week 1 role.,No independent priority assigned; confirm fit and availability.,,[]
Terrance Ferguson,TE,LA,7,Upside stash,3,26.9,,160368,,,,$2 / $100 basis unspecified,2,2,unspecified,https://www.fantasypros.com/2026/09/fantasy-football-waiver-wire-advice-players-to-add-stash-drop-week-2-2026/,4,31,,,,,,,,,,,,,,,,8,,1% remaining,1,1,remaining,https://hubapi.cbssports.com/fantasy/football/news/week-2-fantasy-football-waiver-wire-bryce-young-has-huge-opener/,,,,,,,,,,,,,,,,,,,,,,,,,1,31,51,0,0,0,0,0,0,0,0,1,0,0,0,0,3.7,0.0,,0.0,0.0,0,1,0.0,0,Source-listed developmental tight-end option.,One target and no receptions; immediate floor is low.,,[]
Adonai Mitchell,WR,NYJ,11,Upside stash,3,15.36,100376,,,,,$2 / $100 basis unspecified,2,2,unspecified,https://www.fantasypros.com/2026/09/fantasy-football-waiver-wire-advice-players-to-add-stash-drop-week-2-2026/,19,35,,,,,,,,,,,,,,,,12,,1% remaining,1,1,remaining,https://hubapi.cbssports.com/fantasy/football/news/week-2-fantasy-football-waiver-wire-bryce-young-has-huge-opener/,,,,,,,,,,,,,,,,,,,,,,,,,1,46,69,0,0,0,0,0,0,0,0,3,3,60,0,9,13.04,0.0,,20.0,100.0,3,3,7.5,6,Useful yardage on a small target sample.,Three targets do not establish a dependable floor.,,[]
Antonio Williams,WR,WAS,8,Upside stash,3,1.89,70397,,,,,,,,,,20,36,2-3% basis unspecified,2,3,unspecified,https://www.rotoballer.com/faab-waiver-wire-advice-week-2-fantasy-pickups-2026/1931602,,,,,,,,,,,9,,1% remaining,1,1,remaining,https://hubapi.cbssports.com/fantasy/football/news/week-2-fantasy-football-waiver-wire-bryce-young-has-huge-opener/,,,,,,,,4,11,,,,,,,,,,,5-6% basis unspecified,5,6,unspecified,https://www.reddit.com/r/fantasyfootball/comments/1wh5wf4/10_players_to_add_for_week_2_faab_recs/,1,26,37,0,0,0,0,0,0,0,0,4,4,64,1,16.4,13.79,0.0,,16.0,100.0,4,4,14.4,12.4,Productive on limited routes.,Low route share makes the efficiency difficult to repeat.,,[]
Caleb Douglas,WR,MIA,4,Role / upside,7,15.61,2013208,,,,,$2 / $100 basis unspecified,2,2,unspecified,https://www.fantasypros.com/2026/09/fantasy-football-waiver-wire-advice-players-to-add-stash-drop-week-2-2026/,15,26,7-10% basis unspecified,7,10,unspecified,https://www.rotoballer.com/faab-waiver-wire-advice-week-2-fantasy-pickups-2026/1931602,,,,,,11% basis unspecified,11,11,unspecified,https://www.rotowire.com/football/article/fantasy-football-waiver-wire-pickups-for-week-2-134360,2,,5% remaining,5,5,remaining,https://hubapi.cbssports.com/fantasy/football/news/week-2-fantasy-football-waiver-wire-bryce-young-has-huge-opener/,2,,5-10% basis unspecified,5,10,unspecified,https://www.draftsharks.com/article/week-2-waiver-wire-pickups,3,6,5-10% basis unspecified,5,10,unspecified,https://ftnfantasy.com/fantasy-football-waiver-wire-claims-to-make-heading-into-week-2,,,,,,7-10% basis unspecified,7,10,unspecified,https://www.reddit.com/r/fantasyfootball/comments/1wh5wf4/10_players_to_add_for_week_2_faab_recs/,1,51,91,0,0,0,0,0,0,0,0,7,5,94,0,14.4,25.93,0.0,,13.43,71.43,5,7,11.9,9.4,Near-full playing time makes the rookie more than a box-score chase.,Passing environment may cap weekly consistency.,Target-share definitions differ,[]
Chris Bell,WR,MIA,,Source-listed depth,1,6.42,21462,202489,-181027,,,,,,,,24,51,1-3% basis unspecified,1,3,unspecified,https://www.rotoballer.com/faab-waiver-wire-advice-week-2-fantasy-pickups-2026/1931602,,,,,,,,,,,,,,,,,,,,,,,,,,,,,,,,,,,,,,,,,,1,29,52,0,0,0,0,0,0,0,0,2,1,25,0,3.5,7.41,0.0,,12.5,50.0,1,2,3.0,2.5,Compare the published priorities with the recorded Week 1 role.,No independent priority assigned; confirm fit and availability.,,[]
DeMario Douglas,WR,NE,,Source-listed depth,2,1.14,,,,,,$1 / $100 basis unspecified,1,1,unspecified,https://www.fantasypros.com/2026/09/fantasy-football-waiver-wire-advice-players-to-add-stash-drop-week-2-2026/,,,,,,,,,,,,,0% basis unspecified,0,0,unspecified,https://www.rotowire.com/football/article/fantasy-football-waiver-wire-pickups-for-week-2-134360,,,,,,,,,,,,,,,,,,,,,,,,,,,,,,,,1,44,62,0,0,0,0,0,0,0,0,7,5,20,0,7,22.58,0.0,,2.86,71.43,5,7,4.5,2,Compare the published priorities with the recorded Week 1 role.,No independent priority assigned; confirm fit and availability.,,[]
Deebo Samuel Sr.,WR,SF,2,Priority if free,3,67.69,,,,1,1,$7 / $100 basis unspecified,7,7,unspecified,https://www.fantasypros.com/2026/09/fantasy-football-waiver-wire-advice-players-to-add-stash-drop-week-2-2026/,7,11,,,,,,20-40% starting,20,40,annual,https://www.footballguys.com/article/2026-email-feature-top-waiver-wire-pickups-week02,,,,,,,,,,,,,,,,,,,,,,,,,,,,,,,,,,,,,1,27,42,0,0,0,0,0,1,12,0,7,6,48,1,18,20.59,3.33,12.0,6.86,85.71,7,8,15.0,12,Public FantasyPros preview places him first overall.,Footballguys is substantially more aggressive than FantasyPros.,Bid disagreement,[]
Demarcus Robinson,WR,SF,,Source-listed depth,2,0.13,373326,,,,,,,,,,25,52,1-2% basis unspecified,1,2,unspecified,https://www.rotoballer.com/faab-waiver-wire-advice-week-2-fantasy-pickups-2026/1931602,,,,,,,,,,,17,,1% remaining,1,1,remaining,https://hubapi.cbssports.com/fantasy/football/news/week-2-fantasy-football-waiver-wire-bryce-young-has-huge-opener/,,,,,,,,,,,,,,,,,,,,,,,,,1,41,63,0,0,0,0,0,0,0,0,3,2,50,1,13,8.82,0.0,,16.67,66.67,2,3,12.0,11,Compare the published priorities with the recorded Week 1 role.,No independent priority assigned; confirm fit and availability.,,[]
Denzel Boston,WR,CLE,6,Upside stash,3,25.11,20648,,,,,$2 / $100 basis unspecified,2,2,unspecified,https://www.fantasypros.com/2026/09/fantasy-football-waiver-wire-advice-players-to-add-stash-drop-week-2-2026/,14,25,2-4% basis unspecified,2,4,unspecified,https://www.rotoballer.com/faab-waiver-wire-advice-week-2-fantasy-pickups-2026/1931602,,,,,,,,,,,14,,1% remaining,1,1,remaining,https://hubapi.cbssports.com/fantasy/football/news/week-2-fantasy-football-waiver-wire-bryce-young-has-huge-opener/,,,,,,,,,,,,,,,,,,,,4-6% basis unspecified,4,6,unspecified,https://www.reddit.com/r/fantasyfootball/comments/1wh5wf4/10_players_to_add_for_week_2_faab_recs/,1,47,92,0,0,0,0,0,0,0,0,4,2,59,1,13.9,18.18,0.0,,14.75,50.0,2,4,12.9,11.9,High route participation offers a runway for a rookie.,Passing offense and only four targets restrain the immediate floor.,,[]
Devaughn Vele,WR,NO,3,Immediate WR depth,7,13.08,3176810,,,,,$4 / $100 basis unspecified,4,4,unspecified,https://www.fantasypros.com/2026/09/fantasy-football-waiver-wire-advice-players-to-add-stash-drop-week-2-2026/,3,3,7-10% basis unspecified,7,10,unspecified,https://www.rotoballer.com/faab-waiver-wire-advice-week-2-fantasy-pickups-2026/1931602,15-30% starting,15,30,annual,https://www.footballguys.com/article/2026-email-feature-top-waiver-wire-pickups-week02,7% basis unspecified,7,7,unspecified,https://www.rotowire.com/football/article/fantasy-football-waiver-wire-pickups-for-week-2-134360,1,,>=10% remaining,10,,remaining,https://hubapi.cbssports.com/fantasy/football/news/week-2-fantasy-football-waiver-wire-bryce-young-has-huge-opener/,1,,8-10% basis unspecified,8,10,unspecified,https://www.draftsharks.com/article/week-2-waiver-wire-pickups,2,5,,,,,,,,,,,10-15% basis unspecified,10,15,unspecified,https://www.reddit.com/r/fantasyfootball/comments/1wh5wf4/10_players_to_add_for_week_2_faab_recs/,1,82,91,0,0,0,0,0,0,0,0,9,7,69,1,19.9,17.31,0.0,,7.67,77.78,7,9,16.4,12.9,Near-full snap participation supports the breakout attention.,New Orleans passing volume was unusually high; role depends on competition.,Bid disagreement,[]
Dontayvion Wicks,WR,PHI,5,Upside stash,3,10.17,352047,,,,,$3 / $100 basis unspecified,3,3,unspecified,https://www.fantasypros.com/2026/09/fantasy-football-waiver-wire-advice-players-to-add-stash-drop-week-2-2026/,16,27,6-8% basis unspecified,6,8,unspecified,https://www.rotoballer.com/faab-waiver-wire-advice-week-2-fantasy-pickups-2026/1931602,,,,,,,,,,,11,,1% remaining,1,1,remaining,https://hubapi.cbssports.com/fantasy/football/news/week-2-fantasy-football-waiver-wire-bryce-young-has-huge-opener/,,,,,,,,,,,,,,,,,,,,,,,,,1,50,91,0,0,0,0,0,0,0,0,4,2,73,1,15.3,18.18,0.0,,18.25,50.0,2,4,14.3,13.3,Substantial playing time supports a speculative add.,Four targets and a long touchdown are a volatile foundation.,,[]
Elijah Sarratt,WR,BAL,,Source-listed depth,1,0.23,,,,,,,,,,,28,55,1% basis unspecified,1,1,unspecified,https://www.rotoballer.com/faab-waiver-wire-advice-week-2-fantasy-pickups-2026/1931602,,,,,,,,,,,,,,,,,,,,,,,,,,,,,,,,,,,,,,,,,,,,,,,,,,,,,,,,,,,,,,,,,,,Compare the published priorities with the recorded Week 1 role.,No independent priority assigned; confirm fit and availability.,No matched Week 1 stats,[]
Jahdae Walker,WR,CHI,,Source-listed depth,1,0.14,,,,,,,,,,,30,61,,,,,,,,,,,,,,,,,,,,,,,,,,,,,,,,,,,,,,,,,,,,,,,1,34,45,0,0,0,0,0,0,0,0,1,1,1,1,7.1,3.85,0.0,,1.0,100.0,1,1,6.6,6.1,Compare the published priorities with the recorded Week 1 role.,No independent priority assigned; confirm fit and availability.,,[]
Jakobi Meyers,WR,JAX,,Source-listed depth,1,78.97,24630,,,,,,,,,,5,5,,,,,,,,,,,,,,,,,,,,,,,,,,,,,,,,,,,,,,,,,,,,,,,1,37,65,0,0,0,0,0,1,2,0,2,2,40,1,12.2,9.52,3.12,2.0,20.0,100.0,3,3,11.2,10.2,Compare the published priorities with the recorded Week 1 role.,No independent priority assigned; confirm fit and availability.,,[]
Jalen Coker,WR,CAR,1,Priority if free,3,51.05,154830,,,,,,,,,,1,1,,,,,,,,,,,,,,,,,,,,,,,,,,,,,,1,1,10-20% basis unspecified,10,20,unspecified,https://ftnfantasy.com/fantasy-football-waiver-wire-claims-to-make-heading-into-week-2,,,,,,,,,,,1,57,84,0,0,0,0,0,0,0,0,9,8,138,2,33.8,26.47,0.0,,15.33,88.89,8,9,29.8,25.8,Strong targets and production; FTN recommends a meaningful bid.,Already widely rostered; opener benefited from the matchup.,,[]
Jaylin Noel,WR,HOU,,Source-listed depth,2,7.79,,,,,,,,,,,26,53,,,,,,,,,,,,,,,,16,,1% remaining,1,1,remaining,https://hubapi.cbssports.com/fantasy/football/news/week-2-fantasy-football-waiver-wire-bryce-young-has-huge-opener/,,,,,,,,,,,,,,,,,,,,,,,,,1,24,30,0,0,0,0,0,0,0,0,2,2,53,0,7.3,5.41,0.0,,26.5,100.0,2,2,6.3,5.3,Compare the published priorities with the recorded Week 1 role.,No independent priority assigned; confirm fit and availability.,,[]
Kalif Raymond,WR,CHI,9,Cheap PPR depth,6,0.26,221100,,,,,,,,,,27,54,1-2% basis unspecified,1,2,unspecified,https://www.rotoballer.com/faab-waiver-wire-advice-week-2-fantasy-pickups-2026/1931602,20-40% starting,20,40,annual,https://www.footballguys.com/article/2026-email-feature-top-waiver-wire-pickups-week02,0% basis unspecified,0,0,unspecified,https://www.rotowire.com/football/article/fantasy-football-waiver-wire-pickups-for-week-2-134360,8,,1% remaining,1,1,remaining,https://hubapi.cbssports.com/fantasy/football/news/week-2-fantasy-football-waiver-wire-bryce-young-has-huge-opener/,5,,3-5% basis unspecified,3,5,unspecified,https://www.draftsharks.com/article/week-2-waiver-wire-pickups,5,15,,,,,,,,,,,5-6% basis unspecified,5,6,unspecified,https://www.reddit.com/r/fantasyfootball/comments/1wh5wf4/10_players_to_add_for_week_2_faab_recs/,1,45,60,0,0,0,0,0,0,0,0,9,8,84,0,16.4,34.62,0.0,,9.33,88.89,8,9,12.4,8.4,Nine targets warrant attention for a short-term floor.,Large expert bid disagreement; stronger teammates can reclaim volume.,Bid disagreement,[]
Keenan Allen,WR,IND,,Source-listed depth,2,28.86,24840,41236,-16396,,,,,,,,11,21,,,,,,,,,,,,,,,,13,,1% remaining,1,1,remaining,https://hubapi.cbssports.com/fantasy/football/news/week-2-fantasy-football-waiver-wire-bryce-young-has-huge-opener/,,,,,,,,,,,,,,,,,,,,,,,,,1,36,67,0,0,0,0,0,0,0,0,6,6,32,0,9.2,20.69,0.0,,5.33,100.0,6,6,6.2,3.2,Compare the published priorities with the recorded Week 1 role.,No independent priority assigned; confirm fit and availability.,,[]
Kendrick Bourne,WR,ARI,,Source-listed depth,3,0.16,244260,,,,,,,,,,17,28,1-2% basis unspecified,1,2,unspecified,https://www.rotoballer.com/faab-waiver-wire-advice-week-2-fantasy-pickups-2026/1931602,,,,,,1% basis unspecified,1,1,unspecified,https://www.rotowire.com/football/article/fantasy-football-waiver-wire-pickups-for-week-2-134360,10,,1% remaining,1,1,remaining,https://hubapi.cbssports.com/fantasy/football/news/week-2-fantasy-football-waiver-wire-bryce-young-has-huge-opener/,,,,,,,,,,,,,,,,,,,,,,,,,1,50,67,0,0,0,0,0,0,0,0,8,8,75,0,15.5,21.62,0.0,,9.38,100.0,8,8,11.5,7.5,Compare the published priorities with the recorded Week 1 role.,No independent priority assigned; confirm fit and availability.,,[]
Khalil Shakir,WR,BUF,,Source-listed depth,3,68.58,91710,58653,33057,,,$2 / $100 basis unspecified,2,2,unspecified,https://www.fantasypros.com/2026/09/fantasy-football-waiver-wire-advice-players-to-add-stash-drop-week-2-2026/,8,12,,,,,,,,,,,,,,,,7,,1% remaining,1,1,remaining,https://hubapi.cbssports.com/fantasy/football/news/week-2-fantasy-football-waiver-wire-bryce-young-has-huge-opener/,,,,,,,,,,,,,,,,,,,,,,,,,1,31,53,0,0,0,0,0,0,0,0,6,4,50,0,9,21.43,0.0,,8.33,66.67,4,6,7.0,5,Compare the published priorities with the recorded Week 1 role.,No independent priority assigned; confirm fit and availability.,,[]
Kyle Williams,WR,NE,,Source-listed depth,2,0.33,14510,,,,,,,,,,,,1% basis unspecified,1,1,unspecified,https://www.rotoballer.com/faab-waiver-wire-advice-week-2-fantasy-pickups-2026/1931602,,,,,,,,,,,,,,,,,,6,,1-3% basis unspecified,1,3,unspecified,https://www.draftsharks.com/article/week-2-waiver-wire-pickups,,,,,,,,,,,,,,,,,,1,12,17,0,0,0,0,0,0,0,0,0,0,0,0,0,0.0,0.0,,,,0,0,0.0,0,Compare the published priorities with the recorded Week 1 role.,No independent priority assigned; confirm fit and availability.,,[]
Mack Hollins,WR,NE,,Source-listed depth,2,0.38,315096,,,,,,,,,,,,3-4% basis unspecified,3,4,unspecified,https://www.rotoballer.com/faab-waiver-wire-advice-week-2-fantasy-pickups-2026/1931602,,,,,,,,,,,4,,1% remaining,1,1,remaining,https://hubapi.cbssports.com/fantasy/football/news/week-2-fantasy-football-waiver-wire-bryce-young-has-huge-opener/,,,,,,,,,,,,,,,,,,,,,,,,,1,50,70,0,0,0,0,0,0,0,0,5,4,51,0,9.1,16.13,0.0,,10.2,80.0,4,5,7.1,5.1,Compare the published priorities with the recorded Week 1 role.,No independent priority assigned; confirm fit and availability.,,[]
Malachi Fields,WR,NYG,,Source-listed depth,1,10.63,23900,107265,-83365,,,,,,,,21,37,,,,,,,,,,,,,,,,,,,,,,,,,,,,,,,,,,,,,,,,,,,,,,,1,50,72,0,0,0,0,0,0,0,0,4,2,25,0,4.5,13.79,0.0,,6.25,50.0,2,4,3.5,2.5,Compare the published priorities with the recorded Week 1 role.,No independent priority assigned; confirm fit and availability.,,[]
Malik Washington,WR,MIA,,Source-listed depth,1,7.66,73480,161496,-88016,,,,,,,,23,50,3-5% basis unspecified,3,5,unspecified,https://www.rotoballer.com/faab-waiver-wire-advice-week-2-fantasy-pickups-2026/1931602,,,,,,,,,,,,,,,,,,,,,,,,,,,,,,,,,,,,,,,,,,1,55,98,0,0,0,0,0,0,0,0,8,3,53,0,6.3,29.63,0.0,,6.62,37.5,3,8,4.8,3.3,Compare the published priorities with the recorded Week 1 role.,No independent priority assigned; confirm fit and availability.,,[]
Pat Bryant,WR,DEN,7,PPR stash,3,1.93,397408,,,,,,,,,,29,56,,,,,,,,,,,,,,,,15,,1% remaining,1,1,remaining,https://hubapi.cbssports.com/fantasy/football/news/week-2-fantasy-football-waiver-wire-bryce-young-has-huge-opener/,3,,5-8% basis unspecified,5,8,unspecified,https://www.draftsharks.com/article/week-2-waiver-wire-pickups,,,,,,,,,,,,,3-5% basis unspecified,3,5,unspecified,https://www.reddit.com/r/fantasyfootball/comments/1wh5wf4/10_players_to_add_for_week_2_faab_recs/,1,30,59,0,0,0,0,0,0,0,0,6,4,42,0,8.2,22.22,0.0,,7.0,66.67,4,6,6.2,4.2,Six targets provide a useful early involvement signal.,Partial route participation; needs sustained volume.,,[]
Rashid Shaheed,WR,SEA,,Source-listed depth,1,43.02,,,,,,,,,,,13,23,,,,,,,,,,,,,,,,,,,,,,,,,,,,,,,,,,,,,,,,,,,,,,,1,33,66,0,0,0,0,0,0,0,0,3,1,4,0,1.4,12.5,0.0,,1.33,33.33,1,3,0.9,0.4,Compare the published priorities with the recorded Week 1 role.,No independent priority assigned; confirm fit and availability.,,[]
Rashod Bateman,WR,BAL,12,Conditional WR,4,8.74,49334,,,,,$1 / $100 basis unspecified,1,1,unspecified,https://www.fantasypros.com/2026/09/fantasy-football-waiver-wire-advice-players-to-add-stash-drop-week-2-2026/,12,22,1-2% basis unspecified,1,2,unspecified,https://www.rotoballer.com/faab-waiver-wire-advice-week-2-fantasy-pickups-2026/1931602,,,,,,0% basis unspecified,0,0,unspecified,https://www.rotowire.com/football/article/fantasy-football-waiver-wire-pickups-for-week-2-134360,6,,1% remaining,1,1,remaining,https://hubapi.cbssports.com/fantasy/football/news/week-2-fantasy-football-waiver-wire-bryce-young-has-huge-opener/,,,,,,,,,,,,,,,,,,,,,,,,,1,53,78,0,0,0,0,0,0,0,0,1,0,0,0,0,4.17,0.0,,0.0,0.0,0,1,0.0,0,Could benefit from receiver absences.,Verify active teammates; one target in the opener.,Status sensitive,[]
Romeo Doubs,WR,NE,,Source-listed depth,1,60.74,77856,154552,-76696,,,,,,,,6,8,,,,,,,,,,,,,,,,,,,,,,,,,,,,,,,,,,,,,,,,,,,,,,,1,40,56,0,0,0,0,0,0,0,0,3,0,0,0,0,9.68,0.0,,0.0,0.0,0,3,0.0,0,Compare the published priorities with the recorded Week 1 role.,No independent priority assigned; confirm fit and availability.,,[]
Ryan Flournoy,WR,DAL,,Source-listed depth,1,3.86,14736,38464,-23728,,,,,,,,18,29,,,,,,,,,,,,,,,,,,,,,,,,,,,,,,,,,,,,,,,,,,,,,,,1,41,71,0,0,0,0,0,0,0,0,4,2,22,0,4.2,13.33,0.0,,5.5,50.0,2,4,3.2,2.2,Compare the published priorities with the recorded Week 1 role.,No independent priority assigned; confirm fit and availability.,,[]
Ted Hurst III,WR,TB,,Source-listed depth,1,0.86,,,,,,,,,,,22,46,,,,,,,,,,,,,,,,,,,,,,,,,,,,,,,,,,,,,,,,,,,,,,,1,43,75,0,0,0,0,0,0,0,0,3,3,36,0,6.6,11.11,0.0,,12.0,100.0,3,3,5.1,3.6,Compare the published priorities with the recorded Week 1 role.,No independent priority assigned; confirm fit and availability.,,[]
Tre Harris,WR,LAC,10,Role stash,4,3.85,39332,,,,,$1 / $100 basis unspecified,1,1,unspecified,https://www.fantasypros.com/2026/09/fantasy-football-waiver-wire-advice-players-to-add-stash-drop-week-2-2026/,9,14,1-2% basis unspecified,1,2,unspecified,https://www.rotoballer.com/faab-waiver-wire-advice-week-2-fantasy-pickups-2026/1931602,,,,,,,,,,,3,,<=5% remaining,0,5,remaining,https://hubapi.cbssports.com/fantasy/football/news/week-2-fantasy-football-waiver-wire-bryce-young-has-huge-opener/,4,,3-5% basis unspecified,3,5,unspecified,https://www.draftsharks.com/article/week-2-waiver-wire-pickups,,,,,,,,,,,,,,,,,,1,41,75,0,0,0,0,0,0,0,0,6,3,20,0,5,22.22,0.0,,3.33,50.0,3,6,3.5,2,Playing time and six targets matter more than five PPR points.,Needs improved conversion before an easy lineup decision.,,[]
Tre Tucker,WR,LV,,Source-listed depth,3,31.75,,247548,,,,$1 / $100 basis unspecified,1,1,unspecified,https://www.fantasypros.com/2026/09/fantasy-football-waiver-wire-advice-players-to-add-stash-drop-week-2-2026/,10,19,,,,,,,,,,,,,,,,5,,1% remaining,1,1,remaining,https://hubapi.cbssports.com/fantasy/football/news/week-2-fantasy-football-waiver-wire-bryce-young-has-huge-opener/,,,,,,,,,,,,,,,,,,,,,,,,,1,48,71,0,0,0,0,0,0,0,0,4,2,27,0,4.7,13.79,0.0,,6.75,50.0,2,4,3.7,2.7,Compare the published priorities with the recorded Week 1 role.,No independent priority assigned; confirm fit and availability.,,[]
Wan'Dale Robinson,WR,TEN,,Source-listed depth,1,81.3,,,,,,,,,,,2,2,,,,,,,,,,,,,,,,,,,,,,,,,,,,,,,,,,,,,,,,,,,,,,,1,41,82,0,0,0,0,0,0,0,0,6,5,38,0,8.8,21.43,0.0,,6.33,83.33,5,6,6.3,3.8,Compare the published priorities with the recorded Week 1 role.,No independent priority assigned; confirm fit and availability.,,[]
Xavier Worthy,WR,KC,,Source-listed depth,1,74.91,25920,165636,-139716,,,,,,,,4,4,,,,,,,,,,,,,,,,,,,,,,,,,,,,,,,,,,,,,,,,,,,,,,,1,53,77,0,0,0,0,0,0,0,0,6,3,18,0,4.8,24.0,0.0,,3.0,50.0,3,6,3.3,1.8,Compare the published priorities with the recorded Week 1 role.,No independent priority assigned; confirm fit and availability.,,[]
